Image Index,AbsRel,SqRel,RMSE,RMSE_log,delta1,delta2,delta3
0,0.024489777,0.002032519,0.080085054,0.010898106,1,1,1
1,0.016710561,0.000692796,0.035029182,0.008730539,1,1,1
8,0.012604206,0.001117354,0.067745094,0.008123935,0.999521684,1,1
13,0.028507766,0.002504293,0.084677033,0.012656056,1,1,1
14,0.022687587,0.004350519,0.156163237,0.012712278,0.999681122,1,1
15,0.022591996,0.002697058,0.118151821,0.012123591,0.999920281,1,1
16,0.021453286,0.005472306,0.182340827,0.013041281,0.998465402,1,1
17,0.01578263,0.004398752,0.161559778,0.01228833,0.998883929,1,1
20,0.021228973,0.002325075,0.098173093,0.01121736,0.999481824,1,1
27,0.020609774,0.002670278,0.108196906,0.010840388,0.999860491,1,1
28,0.027803918,0.005293774,0.161833812,0.015654143,0.997568559,0.99994021,0.99998007
29,0.024608669,0.003416286,0.124394821,0.012905806,0.999581473,1,1
30,0.027907836,0.003317555,0.080408112,0.01988031,0.998166454,0.99994021,1
31,0.027039017,0.003171705,0.10346837,0.014027619,0.999362245,1,1
32,0.006159039,0.000179611,0.015783169,0.004908252,0.999800702,1,1
33,0.027647871,0.002470147,0.083703552,0.012691369,1,1,1
34,0.052741548,0.017701479,0.318908537,0.023684386,0.999800702,1,1
35,0.028563832,0.005204465,0.158404364,0.01419915,0.999920281,1,1
36,0.027129794,0.002334986,0.08313933,0.012299028,1,1,1
37,0.020808654,0.001564665,0.0652283,0.011178928,0.999601403,0.99996014,1
38,0.021017919,0.001765714,0.0735763,0.01052959,0.999840561,1,1
39,0.025190796,0.001957605,0.074724037,0.011242404,1,1,1
40,0.025446569,0.002083461,0.076103598,0.011934927,0.999900351,1,1
41,0.014591136,0.000477973,0.030940636,0.006655253,1,1,1
42,0.031469189,0.002592695,0.081139382,0.013791871,1,1,1
45,0.050378689,0.003426902,0.065564779,0.023758017,0.999641263,1,1
46,0.016418243,0.001510835,0.055479973,0.012923927,0.996014031,1,1
55,0.031891776,0.00263008,0.079785,0.014461708,1,1,1
56,0.022387207,0.001166753,0.046345336,0.01116346,0.99996014,1,1
58,0.02706446,0.001964964,0.06768578,0.01276991,0.99996014,1,1
59,0.016600742,0.000882624,0.046030003,0.008615371,0.99994021,1,1
60,0.02909003,0.002021454,0.064425346,0.013512716,0.99998007,1,1
61,0.015837862,0.000569502,0.031831014,0.007791565,1,1,1
62,0.036556729,0.00305183,0.081029485,0.016082057,1,1,1
75,0.023935749,0.001890339,0.074866763,0.011082368,0.99998007,1,1
76,0.02610013,0.002357848,0.084001683,0.01212651,0.99994021,1,1
77,0.017375581,0.000768993,0.037487593,0.008977711,0.99998007,1,1
78,0.03060204,0.002241732,0.071430907,0.013705172,1,1,1
83,0.051151313,0.02113652,0.368905936,0.02458752,0.998983578,0.99998007,1
84,0.021390616,0.001874843,0.069217072,0.012684533,0.999880421,1,1
85,0.026413894,0.004104196,0.147047059,0.013452965,0.999900351,1,1
86,0.024685437,0.005185315,0.174097852,0.013897756,0.999541614,0.99998007,1
87,0.040416079,0.016340089,0.302140218,0.024265554,0.992645886,0.997967156,0.999561543
88,0.030610717,0.006394255,0.17846068,0.016496564,0.998166454,0.999920281,1
89,0.033649403,0.010563473,0.255794614,0.018566496,0.999083227,0.999601403,0.99998007
90,0.026460448,0.005988742,0.187055687,0.015278357,0.998246173,0.999880421,1
116,0.03769867,0.013180896,0.303463474,0.019058771,0.999900351,1,1
117,0.029297515,0.007270653,0.220202884,0.015637358,0.999681122,0.99998007,1
118,0.032981574,0.012252174,0.281975183,0.01959807,0.99736926,0.999880421,0.99998007
124,0.013183038,0.000795816,0.046626554,0.007644293,1,1,1
125,0.021103154,0.00092637,0.040891102,0.01068443,0.99996014,1,1
126,0.010065626,0.000313412,0.022073686,0.00657107,0.99998007,1,1
127,0.070537297,0.005909357,0.082160397,0.032852714,0.99996014,1,1
128,0.047372056,0.002896785,0.05906131,0.02236595,0.999920281,1,1
130,0.024312104,0.001408255,0.053812826,0.011556761,1,1,1
131,0.019425218,0.00070407,0.03053643,0.010411856,1,1,1
132,0.025397012,0.001056931,0.038324646,0.012258945,1,1,1
133,0.010069866,0.00049411,0.032191916,0.007033606,0.99994021,1,1
136,0.012312561,0.000476623,0.029780324,0.007124667,1,1,1
152,0.031487569,0.002907997,0.0867068,0.014556227,0.999920281,1,1
153,0.034464097,0.00322122,0.085504604,0.016113591,0.99998007,1,1
154,0.028503514,0.002294678,0.066608036,0.015406775,0.999780772,1,1
166,0.038033803,0.0049939,0.080352396,0.031772489,0.962571747,1,1
167,0.011630949,0.000330993,0.021976809,0.006639361,1,1,1
168,0.016272816,0.000686333,0.036285398,0.008186951,1,1,1
170,0.027345978,0.002524715,0.090389994,0.012745707,0.999920281,1,1
171,0.025703615,0.004177413,0.150031751,0.013106429,0.999780772,1,1
172,0.018930201,0.001808559,0.085778299,0.010224262,0.999920281,1,1
173,0.023261666,0.002641517,0.101838864,0.011839016,0.99996014,1,1
174,0.022198676,0.001461112,0.054235262,0.012935893,0.999800702,1,1
175,0.023973936,0.001268201,0.049621327,0.011053272,1,1,1
179,0.02795364,0.002078836,0.071957145,0.012786259,0.99998007,1,1
180,0.036255709,0.003404347,0.089448578,0.016544559,0.999681122,1,1
181,0.033775564,0.00308341,0.084583523,0.015957768,0.99994021,1,1
182,0.027606363,0.001792518,0.062283174,0.012632541,1,1,1
183,0.006964167,0.000158657,0.016654161,0.004144526,1,1,1
184,0.029238979,0.002153103,0.066529532,0.014263907,0.99994021,1,1
185,0.027631865,0.003816017,0.114027555,0.015367214,0.99742905,0.999880421,1
186,0.013320546,0.000485539,0.028514003,0.007523515,1,1,1
187,0.015419395,0.000710639,0.035481852,0.008598992,1,1,1
188,0.022172788,0.001530089,0.048427171,0.014945518,0.999800702,0.99998007,1
189,0.034087603,0.003344049,0.094557827,0.015281549,0.99996014,1,1
190,0.020624969,0.001201531,0.045659637,0.011949948,0.998883929,1,1
191,0.008933341,0.000251609,0.020625122,0.005271755,1,1,1
192,0.017620245,0.001176771,0.052417369,0.01047754,0.9986647,0.999920281,1
193,0.007545773,0.000192346,0.017839413,0.004769157,1,1,1
194,0.062793666,0.004786424,0.074724514,0.029057315,0.999820631,1,1
195,0.040512109,0.002483673,0.057989409,0.019473857,0.999760842,1,1
196,0.067881647,0.005255367,0.076145564,0.031440978,0.999920281,1,1
197,0.016573513,0.000685302,0.03094483,0.010371371,1,1,1
198,0.010276437,0.000359525,0.028132544,0.00564154,1,1,1
199,0.017028138,0.001052575,0.047213429,0.010759949,0.999262596,1,1
200,0.032029069,0.00523307,0.149610575,0.01704327,0.998206314,0.999880421,1
201,0.033434301,0.00272231,0.079743316,0.014781383,1,1,1
206,0.02006219,0.001546538,0.069777962,0.010631922,0.999740912,1,1
207,0.022368403,0.001873447,0.078899009,0.011129845,1,1,1
208,0.034097406,0.003210171,0.090735124,0.015166672,1,1,1
209,0.024929369,0.00250744,0.09331452,0.012781056,0.999860491,0.99998007,1
210,0.026332642,0.002328725,0.081027572,0.012959747,0.999900351,1,1
211,0.025464283,0.002112683,0.078030054,0.012589275,0.999880421,1,1
219,0.025552366,0.002264015,0.082019969,0.011993852,1,1,1
220,0.020921683,0.002441719,0.100727244,0.011059408,1,1,1
221,0.025459901,0.002442261,0.078893073,0.014595431,0.999920281,1,1
249,0.015019923,0.000612807,0.026675991,0.010568428,1,1,1
263,0.03457344,0.003411973,0.0916265,0.016334752,0.999920281,1,1
270,0.019128423,0.001968679,0.075235588,0.012469421,0.999422034,0.99998007,1
271,0.042329227,0.01422231,0.296177871,0.020968125,0.999661193,1,1
272,0.020067501,0.004877362,0.201007449,0.011297514,0.99994021,1,1
278,0.033347255,0.008430124,0.22230132,0.01691333,0.999601403,0.99998007,1
279,0.024029543,0.001898894,0.072354047,0.011873949,0.999900351,1,1
280,0.024335216,0.00196609,0.076371086,0.011320179,1,1,1
281,0.029880965,0.002538388,0.081922642,0.013321089,1,1,1
282,0.016854868,0.000773857,0.040283298,0.008398462,1,1,1
283,0.026815529,0.003799048,0.124939318,0.013783723,0.999760842,1,1
284,0.022863426,0.002474494,0.099551586,0.011090497,1,1,1
295,0.027387482,0.00588273,0.173478049,0.015723688,0.999720982,1,1
296,0.021611727,0.00183876,0.074292162,0.010941816,0.99998007,1,1
297,0.024544486,0.002890479,0.101188812,0.013223461,0.999701052,1,1
298,0.026139172,0.003734037,0.128733925,0.012929553,1,1,1
299,0.023028666,0.003099288,0.104652062,0.013527428,0.999820631,1,1
300,0.049944631,0.022629681,0.391086225,0.024587468,0.999880421,1,1
301,0.020889752,0.002672629,0.100827319,0.012037069,0.99996014,1,1
309,0.03928471,0.009696895,0.228183839,0.019029606,0.999840561,1,1
310,0.025696134,0.005918612,0.188834355,0.013997513,0.999322385,1,1
311,0.020876694,0.002445879,0.097434798,0.011135171,1,1,1
314,0.022504126,0.002187628,0.084361213,0.01189805,0.999880421,1,1
315,0.038181387,0.009536361,0.231523767,0.018221341,0.99994021,1,1
316,0.043476177,0.012865129,0.273222445,0.020581598,0.99994021,1,1
324,0.027893325,0.002387384,0.079562134,0.013231105,1,1,1
325,0.02474275,0.002457488,0.090020112,0.012739495,0.99998007,1,1
326,0.022947373,0.002490289,0.096409619,0.011582625,0.999920281,1,1
327,0.031265026,0.003109541,0.09418364,0.01434875,0.99998007,1,1
328,0.026553142,0.002359119,0.084376503,0.013278922,1,1,1
329,0.020692589,0.001805299,0.08073984,0.010833697,0.999840561,1,1
330,0.032436333,0.00995474,0.264166913,0.016310649,0.999920281,1,1
331,0.025394087,0.003240159,0.115139868,0.012852142,0.999900351,0.99996014,1
332,0.027899474,0.011709209,0.259198735,0.019198778,0.991729114,0.999920281,1
333,0.039791056,0.017104117,0.333923558,0.021732365,0.996253189,1,1
334,0.038573166,0.012333479,0.269600076,0.019768693,0.998206314,1,1
350,0.021499956,0.002228268,0.094524808,0.010740679,0.999740912,1,1
351,0.018933944,0.003431931,0.14613729,0.010659474,0.999880421,1,1
354,0.027195,0.004294205,0.146065412,0.012984791,0.99998007,1,1
355,0.028856913,0.00367856,0.100665869,0.01659688,0.998007015,1,1
356,0.02625169,0.002416537,0.084028765,0.013481319,0.99998007,1,1
357,0.0234987,0.002390618,0.08874845,0.012392858,0.99994021,1,1
358,0.032586461,0.003222404,0.092242266,0.014987752,1,1,1
359,0.01805649,0.001227627,0.051801723,0.010557901,0.999820631,1,1
360,0.033502101,0.003693024,0.070746881,0.0262628,0.985511001,0.996392698,1
361,0.011583603,0.000611343,0.03558784,0.007870218,0.999840561,1,1
362,0.020530799,0.002321441,0.091791848,0.011193426,0.999840561,1,1
363,0.020767257,0.001428776,0.061150703,0.010647351,0.999720982,1,1
383,0.023092105,0.001811346,0.072950937,0.011089381,0.999920281,1,1
384,0.030764038,0.002206396,0.06598772,0.014880254,0.999920281,1,1
385,0.028630228,0.002140023,0.068369683,0.013576715,1,1,1
386,0.024108488,0.002493347,0.092473446,0.01263464,0.999262596,0.99996014,1
387,0.030188914,0.002894902,0.087283038,0.014674711,0.99996014,1,1
388,0.017911012,0.000946767,0.043112732,0.009794005,0.99996014,1,1
389,0.018715972,0.001303142,0.055076996,0.011385448,0.999581473,1,1
394,0.03375008,0.003003383,0.08345932,0.01557564,0.99994021,1,1
395,0.022431642,0.001547307,0.061014527,0.011911067,0.99994021,1,1
396,0.025658187,0.002176345,0.077439036,0.012404687,0.999880421,1,1
410,0.023497115,0.002276314,0.086015256,0.012598102,1,1,1
411,0.025558069,0.002195754,0.079176557,0.012310307,0.999860491,1,1
412,0.034906452,0.002915052,0.082068034,0.015248044,1,1,1
413,0.022886802,0.003245213,0.123392292,0.012464927,0.999441964,1,1
429,0.03118963,0.011819653,0.294619531,0.017385183,0.999501754,1,1
430,0.024166123,0.00495564,0.169286601,0.013133095,0.999561543,1,1
431,0.023094925,0.002128009,0.082171349,0.012439199,0.999740912,1,1
432,0.023929206,0.0027382,0.101554686,0.012297755,1,1,1
433,0.025376836,0.002504105,0.086883255,0.012512585,1,1,1
434,0.017747179,0.00162965,0.072892139,0.01057765,0.999083227,0.99994021,1
440,0.030846005,0.002920026,0.093261304,0.014258751,0.99994021,1,1
441,0.01702928,0.001551348,0.077264685,0.008893223,0.999860491,1,1
442,0.025281658,0.002256593,0.084298279,0.012487953,0.99998007,1,1
443,0.028475343,0.002804237,0.09184028,0.013278926,1,1,1
444,0.028075923,0.002447603,0.082004672,0.013311424,0.99998007,1,1
445,0.025898124,0.001888348,0.068349132,0.012500742,1,1,1
446,0.030072194,0.00257434,0.082232828,0.013764839,0.99998007,1,1
447,0.01149335,0.000287194,0.021793297,0.005870109,1,1,1
461,0.030182967,0.002774045,0.087582674,0.01394198,1,1,1
462,0.033025868,0.003053262,0.087500206,0.015330138,1,1,1
463,0.027979959,0.002546589,0.086585621,0.012832176,1,1,1
464,0.026154908,0.002697858,0.099834393,0.012771256,0.999920281,1,1
465,0.024920318,0.002365938,0.089956925,0.01216907,1,1,1
468,0.027740391,0.007598081,0.194732491,0.018025082,0.997130102,1,1
469,0.02321497,0.002056633,0.075624956,0.011919698,0.999900351,1,1
470,0.026452785,0.001981863,0.0664954,0.01399848,0.999621333,1,1
471,0.030118879,0.002647249,0.081675716,0.014260058,0.999382175,1,1
472,0.02267245,0.002035918,0.078932248,0.011239584,0.99996014,1,1
473,0.025807659,0.002326431,0.076800846,0.013228821,0.999561543,0.99998007,1
474,0.02586738,0.002210136,0.075479917,0.013075583,0.99998007,1,1
475,0.025280591,0.002105532,0.072594049,0.013183583,0.999541614,1,1
476,0.02422491,0.001910543,0.068486308,0.012559129,0.999800702,1,1
507,0.034001314,0.003109767,0.079715759,0.017172131,0.999920281,1,1
508,0.024246727,0.001871366,0.051803591,0.017318726,0.999481824,1,1
509,0.013946125,0.000744408,0.034313796,0.010171028,0.999302455,0.999900351,1
510,0.026175548,0.002106645,0.06416444,0.014739458,0.998824139,1,1
511,0.030862849,0.002261364,0.06702391,0.015092315,0.999780772,1,1
512,0.01525394,0.000532921,0.031342342,0.007392388,1,1,1
514,0.024384542,0.002664859,0.095238327,0.013828429,0.998624841,0.99996014,1
515,0.026461785,0.002257949,0.07278362,0.013892071,0.999780772,1,1
516,0.025478609,0.002191484,0.069053103,0.014669639,0.999601403,1,1
517,0.01898439,0.000980196,0.045369842,0.009911188,0.99998007,1,1
518,0.024375787,0.001791314,0.064290047,0.012585725,0.999740912,1,1
519,0.031721536,0.003801113,0.105028537,0.015491455,0.99996014,1,1
520,0.029992569,0.003472288,0.096562501,0.015539828,1,1,1
521,0.027210065,0.001975855,0.066695835,0.012906517,0.999561543,1,1
522,0.021623283,0.00192938,0.080252926,0.010435598,1,1,1
523,0.031077552,0.00281772,0.084885525,0.014537497,0.99994021,1,1
524,0.038930035,0.003824272,0.096919276,0.016862808,1,1,1
525,0.028711795,0.002811181,0.092163889,0.013107041,1,1,1
530,0.025368709,0.001779722,0.062060404,0.012840142,0.99998007,1,1
531,0.034129266,0.003175019,0.091534896,0.015039163,1,1,1
532,0.029673972,0.002540204,0.082097427,0.013388103,0.99994021,1,1
536,0.027371546,0.002140746,0.073625396,0.013086849,0.99998007,1,1
537,0.029956253,0.00223069,0.072847341,0.013623245,1,1,1
538,0.025210757,0.001516823,0.055788989,0.012414777,0.999780772,1,1
548,0.024888777,0.003702124,0.136833135,0.013800217,0.998106665,0.99994021,1
549,0.027700598,0.002709376,0.080396475,0.014735757,0.999820631,1,1
550,0.03381776,0.003015271,0.080673882,0.016347287,0.999840561,0.99998007,1
554,0.02795007,0.002437113,0.075864434,0.014033255,1,1,1
555,0.030913968,0.002408564,0.072019722,0.014511763,0.999900351,1,1
556,0.014852991,0.000877414,0.038296086,0.010121597,0.999880421,1,1
557,0.011941456,0.000404362,0.02706429,0.006454291,1,1,1
558,0.022874262,0.001432519,0.056773286,0.011770974,0.99996014,1,1
559,0.017651499,0.000723425,0.03644283,0.008687999,1,1,1
560,0.031955252,0.001520167,0.044360935,0.015560287,0.99996014,1,1
561,0.018402641,0.001048318,0.049920861,0.009533878,0.99998007,1,1
562,0.01446396,0.00090349,0.04384222,0.009438922,0.999561543,1,1
563,0.02735171,0.002423448,0.085273136,0.013212354,0.999840561,1,1
564,0.025097157,0.00193452,0.071671166,0.012793955,0.999900351,1,1
565,0.029895911,0.002488169,0.079016299,0.01353848,1,1,1
566,0.025529509,0.001836083,0.06714515,0.01215758,0.99994021,1,1
567,0.025275797,0.001819671,0.065934318,0.012196548,0.99998007,1,1
568,0.028327481,0.002233908,0.07377189,0.013419515,0.99996014,1,1
569,0.025295921,0.001516669,0.057150613,0.012006089,0.999900351,1,1
570,0.027292296,0.001788275,0.060760281,0.01283647,0.999162946,1,1
578,0.022653919,0.002659306,0.10586095,0.011195366,0.99996014,1,1
579,0.022093847,0.001789049,0.073091455,0.010663674,1,1,1
580,0.023450748,0.00220234,0.082249045,0.01210795,0.999880421,1,1
581,0.022031913,0.001961034,0.081620543,0.010611385,1,1,1
582,0.02379104,0.002291769,0.091229125,0.011701271,1,1,1
590,0.035757932,0.003550098,0.097021041,0.015890879,1,1,1
591,0.029760044,0.002704805,0.086806303,0.013443917,1,1,1
592,0.028292292,0.002306115,0.075991239,0.013746017,1,1,1
593,0.027211935,0.002133954,0.074860709,0.012690709,0.99996014,1,1
602,0.025546272,0.002704334,0.093869765,0.013152525,0.999063297,1,1
603,0.022780598,0.003178461,0.121075868,0.013449547,0.999202806,1,1
604,0.0230437,0.00267813,0.090680732,0.012991949,0.998923788,1,1
605,0.029198016,0.002589901,0.082245078,0.013801232,0.99998007,1,1
606,0.028029472,0.002310988,0.074860187,0.01378582,0.999860491,1,1
611,0.025974799,0.002530075,0.08627527,0.012728663,1,1,1
612,0.03054039,0.00269296,0.079859095,0.014797948,0.99994021,1,1
616,0.022645312,0.001691736,0.06428495,0.01186072,0.99996014,1,1
617,0.030296283,0.002845139,0.088518272,0.014523185,0.999900351,1,1
618,0.036807628,0.004845502,0.090883577,0.022064637,0.998983578,1,1
619,0.030639708,0.002597369,0.080787797,0.014380811,0.99998007,1,1
620,0.0162987,0.000724802,0.0346852,0.009359223,1,1,1
632,0.024003969,0.003921157,0.150526063,0.012996674,0.998983578,1,1
633,0.024487935,0.002264692,0.081133226,0.012049433,1,1,1
634,0.021926035,0.002288018,0.092643753,0.011189709,0.99994021,1,1
635,0.02325257,0.001999327,0.077186658,0.012080018,0.999422034,1,1
636,0.030431969,0.002219971,0.069343093,0.014279801,0.99998007,1,1
637,0.032048846,0.002571447,0.077103299,0.014653018,1,1,1
643,0.021452339,0.001260893,0.048875778,0.01140986,0.99998007,1,1
644,0.026926739,0.002073692,0.071702444,0.012811291,1,1,1
649,0.018631776,0.002426496,0.076088423,0.015472891,0.994180485,0.999840561,1
650,0.010290205,0.000277054,0.020417095,0.005930804,1,1,1
655,0.021999726,0.001170002,0.048372294,0.010560437,1,1,1
656,0.015540293,0.000816857,0.041469627,0.009012537,0.999840561,1,1
657,0.029378926,0.001661222,0.044398451,0.016873397,0.998126594,1,1
662,0.020319317,0.000955327,0.040640422,0.01076379,0.999900351,1,1
663,0.008983861,0.000281517,0.021689049,0.005806219,0.99994021,1,1
667,0.02344546,0.002770295,0.105224493,0.012218078,0.999860491,1,1
668,0.032240188,0.002805645,0.083074755,0.014704063,0.999860491,1,1
669,0.015509526,0.00141658,0.071582625,0.00977773,0.999760842,1,1
670,0.015322261,0.001208631,0.065045521,0.00877063,0.999760842,1,1
671,0.026532657,0.002352834,0.082689853,0.012865451,0.999701052,0.99996014,1
672,0.028037473,0.00257108,0.086116199,0.012837553,1,1,1
675,0.021160262,0.001190651,0.045470601,0.011375888,0.999302455,1,1
676,0.012841494,0.000433784,0.024846817,0.008031406,0.999820631,1,1
677,0.034826394,0.002886027,0.066954689,0.020411606,0.999760842,1,1
678,0.021607963,0.001163899,0.046595248,0.011698783,0.999162946,0.99994021,1
679,0.029392535,0.002103684,0.05888468,0.016638943,0.999860491,1,1
680,0.032352278,0.002887587,0.084807801,0.014553914,0.99994021,0.99998007,1
685,0.026570252,0.002589575,0.086922346,0.012865057,1,1,1
686,0.032558938,0.006339807,0.143014303,0.023385715,0.989516901,0.997747927,1
687,0.018530999,0.001296042,0.048819695,0.01204948,0.998485332,0.999760842,1
688,0.01801317,0.000835166,0.037440855,0.009573241,1,1,1
689,0.02248045,0.0014493,0.044829598,0.014547888,0.999461894,1,1
692,0.025433578,0.001824231,0.060844855,0.014191681,1,1,1
693,0.011137479,0.000379288,0.022780971,0.007677398,1,1,1
696,0.02151215,0.001592898,0.066358924,0.013016362,0.999302455,0.999900351,0.99998007
697,0.034505816,0.002795233,0.080137155,0.015281442,1,1,1
698,0.033010439,0.00280932,0.08140871,0.015012408,1,1,1
705,0.028851781,0.002668567,0.075786602,0.017212797,0.998226244,0.999760842,1
706,0.03423987,0.00191276,0.053378966,0.016216297,0.999581473,1,1
707,0.011244504,0.000421894,0.026625559,0.007432669,0.999661193,1,1
708,0.028871037,0.002265385,0.071566392,0.014158719,1,1,1
709,0.02022652,0.001429577,0.049632809,0.013700655,0.997887436,0.999880421,1
710,0.009675219,0.000601076,0.038107423,0.007427168,0.999740912,1,1
711,0.023978851,0.002002122,0.077333103,0.011133043,1,1,1
712,0.031419087,0.002522152,0.07790816,0.013883837,0.99994021,1,1
716,0.020551264,0.001075628,0.040870654,0.012601356,0.999222736,0.999880421,0.99998007
717,0.013775952,0.000628519,0.03461063,0.008520878,0.999880421,1,1
723,0.017238207,0.001138882,0.054306184,0.009590184,0.999920281,1,1
724,0.027312975,0.002091694,0.070945408,0.013200283,1,1,1
725,0.032927975,0.002802969,0.077180435,0.015771901,0.998604911,1,1
726,0.018587484,0.001473456,0.067341145,0.010410549,1,1,1
727,0.025911051,0.001614743,0.057331887,0.01297188,0.999920281,1,1
730,0.016326628,0.001048429,0.049976366,0.01003607,0.999800702,1,1
731,0.008419939,0.000240534,0.019790503,0.005329136,1,1,1
732,0.023167778,0.001244376,0.050358218,0.010812012,1,1,1
733,0.022480567,0.001149508,0.041323921,0.01285912,0.999202806,1,1
742,0.021158506,0.001321877,0.055636427,0.010683096,0.99998007,1,1
743,0.021638583,0.001225272,0.047512662,0.011489834,1,1,1
758,0.023900966,0.001288578,0.050317755,0.011071882,1,1,1
759,0.02367721,0.002425538,0.090497964,0.013251813,0.999402105,1,1
760,0.031803473,0.002967226,0.071925137,0.018776331,0.996173469,0.99998007,1
761,0.026105816,0.002201804,0.080196509,0.012079947,1,1,1
762,0.024809099,0.001458729,0.056636504,0.01135085,1,1,1
763,0.020827533,0.002686063,0.114709874,0.011902844,0.999302455,1,1
764,0.009350716,0.000210512,0.018830194,0.004955567,1,1,1
765,0.027363422,0.002422904,0.084546471,0.012671547,1,1,1
766,0.024492501,0.002100527,0.075628064,0.012786292,0.999641263,0.999920281,1
767,0.021746327,0.00233623,0.093907034,0.011651269,0.999820631,1,1
768,0.019678074,0.001474516,0.058033269,0.012079738,0.999362245,1,1
769,0.023279001,0.001272528,0.05076234,0.010952903,1,1,1
770,0.026587069,0.009692439,0.191668658,0.029602448,0.986746652,0.993303571,0.996791295
771,0.023730952,0.001776084,0.067893743,0.012368245,0.999740912,1,1
772,0.027673872,0.002874913,0.090482881,0.016028917,0.998166454,0.999900351,0.99998007
773,0.016333215,0.000883957,0.046812639,0.009388884,0.999720982,0.99994021,1
774,0.022658237,0.001389734,0.050804543,0.012257217,0.999860491,1,1
775,0.021733128,0.001079666,0.04732617,0.009867662,1,1,1
776,0.031072559,0.00267774,0.084326964,0.013772933,0.99996014,1,1
777,0.022230477,0.002330521,0.104150588,0.010862012,0.999840561,1,1
778,0.025034318,0.001688528,0.064767866,0.011579143,1,1,1
779,0.021532471,0.001869191,0.082671989,0.010810029,0.99996014,1,1
780,0.033918522,0.004136803,0.113940905,0.016715108,0.998883929,1,1
781,0.022821005,0.002476807,0.09674992,0.011768786,0.999780772,1,1
782,0.024184702,0.006464165,0.190704033,0.014951748,0.999143017,0.99996014,1
783,0.02633747,0.00450641,0.15751961,0.014084414,0.999581473,0.99996014,1
784,0.022497365,0.008784857,0.235260468,0.016939569,0.996552136,0.999641263,1
785,0.019282655,0.002903062,0.118079675,0.01192883,0.999242666,0.999880421,1
786,0.020811053,0.002212827,0.092166436,0.012721382,0.999461894,1,1
799,0.013783053,0.00059797,0.029922073,0.009105566,0.99998007,1,1
800,0.025801538,0.004703138,0.151483761,0.014588887,0.998604911,0.99996014,1
801,0.032152716,0.008919092,0.241511691,0.016417203,0.999840561,1,1
802,0.022890066,0.002362678,0.090975439,0.012052844,0.999900351,1,1
803,0.019942785,0.002144854,0.084629705,0.012905755,0.998903858,0.999900351,0.99998007
809,0.029952019,0.005929147,0.174498173,0.0172245,0.998425542,0.999920281,1
810,0.030287326,0.007671988,0.214149294,0.016213542,0.998943718,1,1
811,0.014959423,0.002131264,0.088409313,0.011845168,0.998584981,0.999780772,1
812,0.022203058,0.00175063,0.073015343,0.012450403,0.99994021,1,1
813,0.029152332,0.002516423,0.08248035,0.01320264,0.99998007,1,1
820,0.018654473,0.00169142,0.068163047,0.012353382,0.999601403,0.99996014,1
821,0.023134383,0.002178418,0.079904939,0.014075938,0.999422034,1,1
822,0.02904464,0.002794514,0.076117,0.017545166,0.998824139,0.99996014,1
832,0.033290478,0.007945917,0.203883067,0.017686846,0.998485332,1,1
833,0.02285675,0.001890719,0.07571356,0.011960586,0.999461894,1,1
834,0.024619554,0.003514109,0.10815524,0.016079909,0.996831154,0.999621333,0.999880421
835,0.0287859,0.003918079,0.116989351,0.015921788,0.999780772,1,1
836,0.022295915,0.001981644,0.086615797,0.011299366,0.999860491,1,1
837,0.027449693,0.001813599,0.05796386,0.014245775,1,1,1
838,0.023761839,0.0026624,0.104066053,0.013805336,0.999720982,1,1
839,0.025739441,0.004964894,0.149217623,0.01725469,0.997767857,0.999740912,0.99998007
840,0.021574094,0.001687989,0.066154382,0.012896424,0.998983578,1,1
841,0.03115723,0.003243804,0.094566144,0.015213869,0.99998007,1,1
842,0.034101841,0.004687673,0.090826117,0.023118378,0.984893176,0.999740912,0.99998007
843,0.03127769,0.002503092,0.077512939,0.014119783,1,1,1
844,0.030876228,0.002286756,0.071848875,0.013920183,1,1,1
845,0.020214546,0.000783959,0.03154951,0.011558459,1,1,1
849,0.025864291,0.003000699,0.105325695,0.013525016,0.999800702,1,1
850,0.016929212,0.001654702,0.067650285,0.011742322,0.999143017,0.99994021,0.99998007
851,0.014099782,0.001159671,0.054370164,0.009985571,0.999501754,0.99998007,1
856,0.017487835,0.00110616,0.055176519,0.010006122,1,1,1
857,0.023130111,0.001865158,0.074159394,0.013311089,0.999402105,0.99998007,1
858,0.020828915,0.001779686,0.079543718,0.012103276,0.999342315,0.99996014,1
859,0.022359414,0.002268064,0.093724486,0.011569375,0.999601403,1,1
860,0.021923926,0.003883297,0.138686877,0.014108731,0.998425542,0.99994021,1
861,0.021351229,0.002555772,0.122699803,0.011381221,0.999701052,1,1
868,0.018580264,0.001570127,0.068367292,0.010085662,0.99996014,1,1
869,0.019402341,0.001587814,0.071252445,0.010032668,0.999920281,1,1
870,0.018823841,0.000761512,0.037598906,0.008834928,1,1,1
905,0.035611558,0.010732799,0.257822876,0.018369039,0.999820631,1,1
906,0.018935233,0.001178322,0.052611795,0.010863176,0.999641263,1,1
907,0.021526321,0.002060458,0.08553427,0.01219165,0.999561543,1,1
916,0.021822795,0.002061017,0.087254492,0.010397462,1,1,1
917,0.020715286,0.001955197,0.0846149,0.010494683,0.99998007,1,1
918,0.02078038,0.001752786,0.075338203,0.010449414,0.999760842,1,1
925,0.02383295,0.001865522,0.072742678,0.011677839,0.99998007,1,1
926,0.027306721,0.00187915,0.067922027,0.01237673,1,1,1
927,0.015174912,0.00064938,0.031919231,0.00912549,0.999740912,1,1
931,0.02310447,0.001744153,0.069275117,0.011226563,0.999860491,1,1
932,0.024363958,0.001906952,0.074823485,0.011069036,1,1,1
933,0.03302986,0.003017495,0.087554011,0.014836231,1,1,1
934,0.03168175,0.002601354,0.078160914,0.014474444,1,1,1
944,0.028832807,0.002277614,0.075743958,0.013422974,1,1,1
945,0.027473693,0.002221908,0.072973232,0.013462932,0.999860491,1,1
946,0.026532651,0.002760547,0.09966193,0.012858635,0.99996014,1,1
958,0.024032923,0.001967208,0.076580147,0.011295042,1,1,1
959,0.020662965,0.001836254,0.074220995,0.01125975,0.999681122,1,1
960,0.024846284,0.001935282,0.075019778,0.011140145,1,1,1
961,0.026399074,0.002179704,0.078893338,0.011879825,1,1,1
964,0.026408476,0.002352023,0.083428586,0.012175865,1,1,1
965,0.032129987,0.002907773,0.08679075,0.014374367,0.99998007,1,1
966,0.019314643,0.001296751,0.055000655,0.010661916,1,1,1
969,0.015959883,0.001267356,0.069645292,0.007941075,1,1,1
970,0.019408256,0.001717178,0.079976539,0.00944614,0.99996014,1,1
971,0.025640497,0.002411353,0.089115898,0.012273149,0.99998007,1,1
972,0.028238256,0.002334965,0.077863102,0.013329779,0.99998007,1,1
973,0.025882395,0.001997957,0.073878854,0.012167327,0.999860491,1,1
974,0.028796489,0.002805938,0.093360304,0.012946142,1,1,1
975,0.027386855,0.002636436,0.092105682,0.01264584,1,1,1
976,0.026395417,0.002355948,0.08515034,0.012205373,1,1,1
990,0.021691515,0.002715449,0.107024037,0.012803303,0.997967156,0.99996014,1
991,0.018883772,0.001541684,0.07550797,0.008870665,0.99998007,1,1
992,0.021987272,0.002109298,0.085202441,0.011073174,0.99994021,1,1
993,0.024525325,0.002129295,0.082998907,0.011053706,1,1,1
994,0.019084481,0.001539475,0.055146709,0.012598306,0.999222736,0.99998007,1
1000,0.024433662,0.002123148,0.077518337,0.012171191,0.999880421,1,1
1001,0.022917488,0.001847342,0.078243603,0.011017711,0.999900351,1,1
1002,0.023303033,0.001288367,0.051742105,0.010997003,1,1,1
1003,0.027113204,0.002553734,0.088373266,0.013140185,0.999820631,1,1
1009,0.027201509,0.002816338,0.092106657,0.013702633,0.999740912,1,1
1010,0.031861862,0.002877845,0.087088384,0.014590857,0.99998007,1,1
1011,0.03361056,0.003522202,0.101283043,0.015755807,0.99996014,1,1
1020,0.021438487,0.001804785,0.073509245,0.010968057,0.999880421,1,1
1021,0.019308485,0.002497251,0.103057476,0.011068097,0.999820631,1,1
1022,0.019114932,0.001616268,0.073099917,0.009586578,0.99994021,1,1
1031,0.029143954,0.003084687,0.095691011,0.015235644,0.998963648,0.99996014,0.99998007
1032,0.034678418,0.003101485,0.08774583,0.015192335,1,1,1
1033,0.033449326,0.003301617,0.091861765,0.015428866,0.99994021,1,1
1037,0.020361725,0.001338157,0.05992123,0.010434454,0.999820631,1,1
1038,0.025863648,0.002344342,0.083784774,0.012042221,0.99998007,1,1
1047,0.018119904,0.001204619,0.05407156,0.010495715,0.999521684,1,1
1048,0.022686989,0.002044422,0.086672607,0.010607355,0.99996014,1,1
1051,0.027378024,0.002123055,0.07476885,0.012436385,1,1,1
1052,0.00969671,0.000403061,0.026419053,0.006841217,0.999860491,1,1
1056,0.02425781,0.002137121,0.082525357,0.011222238,0.99996014,1,1
1057,0.033934606,0.00305155,0.085940366,0.015215275,1,1,1
1074,0.021429714,0.001767099,0.07457708,0.010605846,1,1,1
1075,0.024987985,0.002097856,0.07954971,0.011610564,1,1,1
1076,0.028321559,0.003039534,0.086789203,0.015712674,0.99738919,0.99996014,1
1077,0.033589123,0.003094924,0.085638299,0.015717463,0.99996014,1,1
1078,0.025494889,0.002820525,0.087062526,0.015990788,0.999202806,0.99998007,1
1079,0.031860625,0.003352711,0.098944142,0.014622162,0.99994021,1,1
1080,0.02911779,0.004117103,0.114119185,0.018014476,0.994917889,0.99998007,1
1081,0.021347736,0.002234807,0.092849709,0.010796534,0.999880421,1,1
1082,0.035688179,0.00328158,0.089407371,0.015834397,1,1,1
1083,0.025579654,0.001734278,0.062507896,0.012447967,0.99998007,1,1
1087,0.034476425,0.005490408,0.116612258,0.023076734,0.987902583,0.996691645,1
1088,0.022972043,0.002486228,0.086286765,0.01282059,0.999003508,1,1
1089,0.030585388,0.002916628,0.081647303,0.015535545,1,1,1
1090,0.02542631,0.001985736,0.071812617,0.012511305,0.99998007,1,1
1091,0.028544439,0.002379747,0.077713843,0.013668176,1,1,1
1092,0.030294029,0.002512892,0.077457128,0.0142526,0.999900351,1,1
1093,0.029706903,0.002512691,0.081338743,0.013772237,1,1,1
1094,0.026186269,0.001823594,0.06514939,0.012650401,0.99994021,1,1
1095,0.01707124,0.000905103,0.046938175,0.008846539,1,1,1
1097,0.023028205,0.001870376,0.075394651,0.010781941,1,1,1
1098,0.023156883,0.002045106,0.08124735,0.010929937,1,1,1
1099,0.028209977,0.002171486,0.074095495,0.013167718,0.99998007,1,1
1100,0.021262963,0.001819132,0.075962362,0.01098979,0.999860491,1,1
1101,0.025087223,0.002245367,0.080337431,0.012121035,0.999641263,0.99998007,1
1102,0.026815195,0.002867739,0.091363647,0.01348137,1,1,1
1103,0.028419954,0.002048577,0.069288585,0.013194473,1,1,1
1105,0.024346689,0.002109387,0.076845615,0.012142471,0.999900351,1,1
1106,0.023433466,0.00218392,0.086446479,0.011406992,0.99998007,1,1
1107,0.02227555,0.002718474,0.106435593,0.011402148,1,1,1
1108,0.025778917,0.001759154,0.066010372,0.012114492,1,1,1
1116,0.023005452,0.002083028,0.084372031,0.010788361,0.99998007,1,1
1117,0.024416808,0.001416723,0.053071116,0.011547822,1,1,1
1118,0.02871958,0.001969925,0.061332669,0.01410769,0.999860491,0.99998007,1
1122,0.027502994,0.002179736,0.076123562,0.012801412,0.99996014,1,1
1123,0.021621446,0.002219942,0.082752108,0.011570653,0.998883929,1,1
1124,0.023300856,0.002010675,0.078292388,0.011061105,1,1,1
1125,0.026579773,0.001609223,0.058566704,0.012014416,1,1,1
1126,0.022526644,0.002286404,0.090075209,0.011496282,0.99994021,1,1
1127,0.027826313,0.002263464,0.070330779,0.015100568,0.999661193,0.99998007,1
1128,0.022825081,0.001992035,0.080748581,0.010736242,1,1,1
1129,0.020940292,0.002227476,0.085737578,0.011958648,0.999362245,1,1
1130,0.027564361,0.002109201,0.073708064,0.012839186,1,1,1
1134,0.030102317,0.002545982,0.083223324,0.013270963,1,1,1
1135,0.031357732,0.002364494,0.073777951,0.013857654,1,1,1
1143,0.02543553,0.0016515,0.060040862,0.012774706,0.999880421,1,1
1144,0.020288248,0.002162779,0.094912298,0.01007188,0.99996014,1,1
1145,0.025685173,0.003015641,0.107156808,0.01323316,0.999501754,1,1
1146,0.029306144,0.002256397,0.075308472,0.013332576,1,1,1
1147,0.029221745,0.00236628,0.079025934,0.013225677,1,1,1
1148,0.018209575,0.001041631,0.040687221,0.011618887,1,1,1
1149,0.026328153,0.003854682,0.133198629,0.012990487,0.999880421,1,1
1150,0.023269517,0.002093571,0.082327729,0.011837834,0.99998007,1,1
1151,0.032526732,0.00339014,0.095959543,0.01508033,1,1,1
1152,0.01679239,0.000818057,0.038626875,0.00992528,1,1,1
1153,0.027090586,0.001735226,0.060234252,0.01248262,1,1,1
1154,0.015826759,0.000757387,0.036191523,0.009096126,0.99996014,1,1
1155,0.029213769,0.002095871,0.066279321,0.014092516,0.99996014,1,1
1156,0.029936956,0.002198299,0.070866094,0.013458524,1,1,1
1157,0.008887699,0.000301067,0.025234263,0.005360429,1,1,1
1161,0.034044934,0.003052915,0.086984535,0.01545282,1,1,1
1162,0.031859562,0.002409536,0.07342178,0.014374769,1,1,1
1163,0.020204779,0.000948354,0.042467805,0.009880272,0.99998007,1,1
1164,0.023448735,0.002552171,0.097127433,0.011439333,0.99998007,1,1
1165,0.022625599,0.001734705,0.072685965,0.010631341,1,1,1
1166,0.02414645,0.001818875,0.070054289,0.011517491,0.99998007,1,1
1169,0.022367533,0.001866942,0.075061416,0.010750315,1,1,1
1170,0.028103901,0.002327339,0.078332777,0.012953428,1,1,1
1173,0.026781354,0.001811394,0.067168768,0.01216344,1,1,1
1174,0.027984922,0.002044228,0.07035594,0.012942124,0.99996014,1,1
1175,0.024899777,0.001736648,0.064309743,0.011804908,0.999880421,1,1
1178,0.017279984,0.001095741,0.056433312,0.008961441,0.999820631,1,1
1179,0.033784651,0.004107557,0.100004515,0.017587413,0.998106665,1,1
1180,0.024416569,0.001694641,0.068310506,0.01150083,0.999920281,1,1
1181,0.027741627,0.002432712,0.083394153,0.013431614,0.99994021,1,1
1182,0.025674842,0.002082039,0.076251688,0.012016964,1,1,1
1183,0.025472457,0.002027633,0.076835768,0.011380242,1,1,1
1191,0.024391077,0.002105017,0.081311014,0.011522974,1,1,1
1192,0.018088364,0.001454155,0.070491838,0.008995855,1,1,1
1193,0.021278723,0.001779507,0.076251553,0.01008236,1,1,1
1194,0.026561705,0.001894329,0.068239525,0.01241497,1,1,1
1195,0.026262828,0.001585404,0.053671416,0.013459835,0.99998007,1,1
1200,0.036012245,0.003455591,0.089554245,0.016693431,0.99998007,1,1
1201,0.034816287,0.003261451,0.091938713,0.015246793,1,1,1
1202,0.029958032,0.0023677,0.073178937,0.014128208,0.99998007,1,1
1203,0.034784343,0.013039787,0.296769986,0.019054162,0.999740912,1,1
1204,0.023547345,0.002485801,0.105204699,0.011574768,0.99996014,1,1
1205,0.033988841,0.009356368,0.250132294,0.016504268,1,1,1
1206,0.024015341,0.002547073,0.104813639,0.011603673,0.99994021,1,1
1207,0.025994286,0.007973951,0.227841341,0.015717791,0.999422034,1,1
1208,0.020853358,0.001726039,0.073354033,0.010487385,1,1,1
1209,0.025230229,0.002801113,0.106633881,0.013141348,0.999780772,1,1
1210,0.027272375,0.002697332,0.092098778,0.013614532,0.999880421,1,1
1211,0.023184542,0.001927094,0.074796792,0.011588065,0.99996014,1,1
1215,0.025594059,0.002105199,0.077841311,0.011800445,1,1,1
1216,0.024673613,0.002150199,0.08029211,0.011757522,1,1,1
1217,0.025093864,0.002227918,0.080922563,0.012051002,1,1,1
1218,0.022671746,0.002929126,0.119327105,0.011436812,0.999880421,1,1
1219,0.025428933,0.003656212,0.131951676,0.012965423,0.999681122,1,1
1225,0.02569568,0.002177814,0.078156794,0.012388849,1,1,1
1226,0.024142611,0.002874869,0.11163936,0.012404547,0.999720982,1,1
1227,0.022782647,0.002568198,0.09563139,0.012767253,0.999322385,1,1
1228,0.023323588,0.00210917,0.080454255,0.012419272,0.999920281,1,1
1229,0.027221402,0.003185858,0.102755178,0.014350739,0.999760842,1,1
1232,0.030717292,0.002570217,0.075276681,0.015283404,0.999900351,1,1
1233,0.028076907,0.002455754,0.075994696,0.014246929,0.999880421,1,1
1234,0.025028983,0.002311428,0.083223577,0.012486761,0.99994021,1,1
1246,0.021922422,0.002057507,0.084831471,0.010787343,1,1,1
1247,0.02905443,0.005122596,0.161601838,0.014353991,0.99996014,1,1
1248,0.020909389,0.001418844,0.057767547,0.011160538,0.999701052,1,1
1249,0.020557874,0.001997699,0.088612207,0.009921753,1,1,1
1253,0.041044365,0.01203881,0.264662993,0.019640089,0.999820631,1,1
1254,0.035037552,0.010358328,0.258482259,0.01764059,0.999322385,1,1
1255,0.03572225,0.011038505,0.25892419,0.018387198,0.999501754,1,1
1256,0.029641826,0.005253171,0.162301226,0.014786511,0.999581473,1,1
1257,0.025208207,0.003278682,0.116073767,0.013360581,0.999720982,1,1
1258,0.024216806,0.002521202,0.098001226,0.012349464,0.999860491,1,1
1259,0.026521794,0.003655741,0.121131987,0.013838808,0.999103157,1,1
1260,0.023592065,0.003018257,0.110100366,0.012986093,0.999860491,1,1
1261,0.019830405,0.001708045,0.076427251,0.00968955,1,1,1
1262,0.03733555,0.011400276,0.262246184,0.018940903,0.999920281,1,1
1263,0.026883327,0.00174079,0.062208608,0.012320769,1,1,1
1264,0.035825951,0.009766696,0.243681401,0.017686072,0.999661193,1,1
1274,0.027322102,0.004029384,0.138329223,0.013575446,0.999840561,1,1
1275,0.035201807,0.01211102,0.285518066,0.018741119,0.999143017,0.99998007,1
1276,0.025325589,0.003313142,0.115539659,0.013657768,0.999362245,0.99996014,1
1277,0.036810357,0.010396562,0.254699724,0.019467942,0.997927296,0.999920281,1
1278,0.020569528,0.002092224,0.086030965,0.011007732,0.99996014,1,1
1279,0.042370298,0.016319738,0.323361835,0.021570526,0.99994021,1,1
1284,0.028811502,0.002631217,0.084805177,0.013369968,1,1,1
1285,0.02525796,0.002757178,0.104589657,0.012480527,0.99994021,1,1
1286,0.020693676,0.001759745,0.075096422,0.010989688,0.999840561,1,1
1287,0.021930462,0.002096675,0.084731335,0.011124115,1,1,1
1288,0.022677926,0.00262789,0.102186666,0.01198224,0.999760842,0.99996014,1
1289,0.021597058,0.002241041,0.089968602,0.011472525,0.999740912,1,1
1290,0.024107155,0.002900054,0.108260862,0.01233219,0.999621333,1,1
1291,0.042177442,0.015676315,0.322873881,0.021129116,0.999641263,1,1
1292,0.021952479,0.002575153,0.103004753,0.01140279,0.999561543,1,1
1293,0.033598954,0.00293328,0.0795803,0.016057093,0.999840561,1,1
1294,0.03186599,0.003398457,0.104276967,0.015247593,0.999302455,1,1
1296,0.031960015,0.003041126,0.091034022,0.014320104,1,1,1
1297,0.022051986,0.002320774,0.095550671,0.01150477,0.999860491,1,1
1298,0.024239498,0.00229554,0.090171752,0.01158714,1,1,1
1301,0.030089361,0.006331941,0.186941844,0.014974214,1,1,1
1302,0.029405868,0.004284846,0.125256128,0.01503798,0.999900351,1,1
1303,0.044196246,0.016035759,0.315924763,0.021940793,0.999860491,1,1
1304,0.02045127,0.002478542,0.09356233,0.011889409,0.999760842,1,1
1305,0.023725538,0.003780951,0.146582208,0.012889053,0.999661193,1,1
1306,0.029431438,0.002421959,0.082586591,0.013194899,0.99998007,1,1
1307,0.029148516,0.003769456,0.123562543,0.013983838,1,1,1
1313,0.024477224,0.001504213,0.055943046,0.011979255,1,1,1
1314,0.025649202,0.002152744,0.077997079,0.012408575,0.999920281,1,1
1328,0.028116508,0.002450726,0.08294094,0.01361122,0.99998007,1,1
1329,0.022917848,0.002227063,0.088295784,0.011278649,1,1,1
1330,0.02521009,0.003015696,0.11148652,0.012114238,1,1,1
1331,0.025041268,0.002101805,0.077299531,0.011947378,0.99998007,1,1
1334,0.050103568,0.019202613,0.347820411,0.023619015,0.99994021,1,1
1335,0.054019727,0.02515912,0.400368648,0.026747278,0.999701052,1,1
1336,0.028530232,0.005406715,0.175926721,0.014780658,0.999820631,1,1
1337,0.050947824,0.022424946,0.381426934,0.024978405,0.999840561,1,1
1338,0.020208997,0.002661002,0.117455549,0.010917741,0.999920281,1,1
1339,0.028475669,0.007698958,0.231593326,0.014976374,0.999760842,1,1
1346,0.023512965,0.0019836,0.066409659,0.014672648,0.999422034,1,1
1347,0.023700046,0.001459076,0.057139484,0.011411312,1,1,1
1348,0.023030154,0.001665256,0.066185333,0.011441214,0.99994021,1,1
1352,0.02494649,0.00479356,0.147890022,0.017188612,0.993183992,0.999760842,1
1353,0.026887098,0.002585695,0.08404008,0.015611749,0.999182876,1,1
1354,0.025798043,0.002417784,0.075879663,0.014256219,0.999402105,1,1
1355,0.022492226,0.001829409,0.073733895,0.010857457,1,1,1
1363,0.033609101,0.008797962,0.228667579,0.01723598,0.999083227,1,1
1364,0.018287585,0.002316709,0.104160198,0.010353265,0.999601403,1,1
1367,0.027315341,0.003535253,0.11698495,0.01377616,0.99996014,1,1
1368,0.026365163,0.004424249,0.132502662,0.016670545,0.993024554,0.999840561,0.99998007
1383,0.025165841,0.002460871,0.082294667,0.01322093,0.999800702,1,1
1384,0.03358987,0.004410826,0.116963839,0.017056559,0.999262596,1,1
1385,0.024070017,0.003045295,0.117453409,0.01244045,0.999521684,1,1
1386,0.023326651,0.004476555,0.163251232,0.013164963,0.999740912,1,1
1387,0.023824261,0.00209037,0.078026103,0.011625254,0.99994021,1,1
1388,0.027669136,0.002661963,0.091082139,0.012779325,0.999860491,1,1
1389,0.033498911,0.010604449,0.26287556,0.017795572,0.999481824,0.99998007,1
1390,0.021248438,0.001613059,0.071917829,0.009631671,1,1,1
1393,0.022100434,0.002827445,0.113388414,0.012603258,0.999740912,1,1
1394,0.021237573,0.001766604,0.076186702,0.011872793,0.999720982,1,1
1395,0.035671754,0.008040862,0.211126483,0.017347203,0.99996014,1,1
1396,0.026955954,0.004679122,0.138793479,0.015431649,0.999382175,1,1
1397,0.022801451,0.001891694,0.069455111,0.012152012,0.999760842,1,1
1398,0.027908413,0.003194724,0.088129081,0.01657078,0.99738919,0.999820631,1
1399,0.026871289,0.002677998,0.089326586,0.014388418,0.999661193,1,1
1400,0.028059939,0.002856433,0.091581203,0.015213899,0.998286033,0.99996014,1
1406,0.023801545,0.002805786,0.104166758,0.012243628,0.99996014,1,1
1407,0.032972481,0.003828233,0.106894327,0.016396275,0.99996014,1,1
1408,0.028055218,0.003477328,0.114167202,0.015607601,0.999521684,1,1
1409,0.024845331,0.003392975,0.131491567,0.011935495,1,1,1
1410,0.02586869,0.001619769,0.057446887,0.012150358,1,1,1
1411,0.021450431,0.002542606,0.100257663,0.011843391,0.999581473,1,1
1412,0.032108449,0.003045456,0.086043013,0.015853257,0.999720982,1,1
1413,0.034586909,0.003165002,0.082737827,0.016856077,0.996771365,1,1
1420,0.024381496,0.003448154,0.120056572,0.013152503,0.999282526,0.99998007,1
1421,0.009218543,0.000324932,0.026113453,0.005594994,1,1,1
1422,0.019757386,0.00123892,0.055404943,0.010102483,0.999621333,1,1
1423,0.02410418,0.002441035,0.091061616,0.012777892,0.999521684,1,1
1429,0.024927202,0.002183929,0.078120264,0.012375593,0.999920281,1,1
1430,0.021973798,0.001873409,0.06954214,0.012874026,0.999720982,1,1
1431,0.020577366,0.00234962,0.095392951,0.013044145,0.998405612,1,1
1432,0.025260754,0.004220039,0.134506684,0.015595404,0.997628348,1,1
1440,0.017938073,0.001743769,0.079882568,0.011654239,0.999182876,0.99994021,1
1441,0.022711948,0.001762804,0.072658987,0.010851251,1,1,1
1442,0.020967715,0.002090768,0.088102784,0.011790173,0.999840561,1,1
1443,0.025684001,0.002817914,0.102880638,0.012368741,1,1,1
1444,0.020390132,0.001891713,0.081151791,0.011157719,0.999481824,0.99998007,1
1445,0.027830981,0.002940115,0.096287981,0.015036253,0.999302455,1,1
1446,0.025407206,0.002159843,0.073139073,0.014782795,0.998923788,1,1
1447,0.03127753,0.003523954,0.10239217,0.018664362,0.999262596,0.999860491,1
1448,0.02304206,0.002297509,0.085577332,0.012664889,0.999760842,1,1
